No,Number1,Number2,Number3,Number4,Number5,Number6,Bonus,
1,40,28,41,15,30,9,29,
2,45,14,27,17,11,12,16,
3,42,41,2,16,7,37,22,
4,11,32,45,38,34,1,37,
5,4,20,38,2,34,32,7,
6,10,33,24,42,6,22,25,
7,26,12,5,44,43,15,8,
8,16,8,24,45,26,7,30,
9,45,19,39,34,26,22,1,
10,29,8,32,18,11,21,4,
11,40,17,23,39,7,25,15,
12,15,32,34,44,7,19,28,
13,22,17,36,37,30,39,19,
14,6,27,19,1,36,15,30,
15,42,11,30,24,13,4,21,
16,22,26,37,23,17,32,20,
17,11,3,26,38,34,10,25,
18,19,23,38,22,40,30,15,
19,23,43,24,38,16,42,41,
20,15,11,36,1,19,2,25,
21,25,17,19,16,37,26,36,
22,37,6,45,23,3,14,15,
23,10,15,45,31,40,42,1,
24,1,45,39,10,16,28,5,
25,17,2,36,23,3,5,39,
26,32,29,45,19,21,6,25,
27,40,21,2,36,44,16,12,
28,1,44,16,28,37,10,39,
29,26,42,19,32,5,35,40,
30,23,38,3,14,32,18,30,
31,5,41,7,35,20,26,16,
32,31,38,12,17,21,7,26,
33,24,34,22,37,30,41,4,
34,45,44,34,13,11,14,7,
35,41,40,35,33,18,28,27,
36,29,4,10,30,22,3,35,
37,42,38,3,7,33,26,36,
38,37,30,28,15,9,20,38,
39,1,38,26,13,16,18,6,
40,24,7,32,31,38,37,26,
41,14,23,18,31,19,41,35,
42,16,5,44,40,33,29,14,
43,6,5,3,29,31,16,12,
44,8,40,3,15,33,29,21,
45,40,30,28,6,36,22,15,
46,15,22,41,11,26,24,3,
47,34,31,41,16,42,21,45,
48,36,3,19,20,27,4,34,
49,2,43,26,37,13,10,19,
50,41,28,22,32,8,43,42,
51,32,18,29,40,12,13,43,
52,6,9,44,42,24,4,39,
53,31,42,18,27,43,33,13,
54,43,2,12,11,8,37,24,
55,11,40,22,45,26,8,1,
56,32,29,4,45,17,40,34,
57,44,27,32,17,3,25,4,
58,3,44,6,34,25,26,19,
59,10,35,26,28,27,5,37,
60,13,11,18,10,38,45,23,
61,34,7,22,16,27,21,24,
62,30,2,42,5,13,22,37,
63,26,4,45,3,25,37,6,
64,21,36,7,29,34,10,18,
65,20,22,9,11,32,19,31,
66,13,17,21,3,9,41,36,
67,44,33,31,17,4,20,27,
68,6,42,34,15,44,16,23,
69,11,37,1,7,4,31,28,
70,1,14,10,42,45,5,27,
71,21,33,26,43,45,37,40,
72,32,21,23,41,37,11,33,
73,34,15,44,12,33,8,22,
74,6,19,29,11,21,5,22,
75,43,15,37,25,14,42,27,
76,18,8,36,30,43,45,6,
77,11,13,39,24,36,2,45,
78,42,39,17,23,30,12,28,
79,5,30,27,3,32,10,38,
80,44,6,38,30,45,5,12,
81,38,27,23,45,21,18,32,
82,14,19,17,43,40,10,28,
83,30,15,37,25,8,42,17,
84,11,20,14,6,43,19,21,
85,9,16,43,31,5,14,7,
86,6,17,24,31,41,39,35,
87,21,24,44,7,37,13,17,
88,36,18,20,41,2,3,4,
89,13,18,41,23,40,42,32,
90,36,40,44,21,16,43,30,
91,40,23,37,22,24,2,44,
92,39,7,18,15,21,36,19,
93,6,42,27,38,18,12,11,
94,24,42,21,38,23,11,33,
95,22,1,32,23,44,26,20,
96,17,40,8,6,1,43,37,
97,45,42,7,24,26,32,20,
98,36,13,38,14,2,22,19,
99,13,34,21,12,10,1,27,
100,38,5,45,31,36,30,1,
